artist,title,date
Damien Jurado,The Horizon Just Laughed,2022-12-27T14:46:37.087565
Nicole Atkins,Goodnight Rhonda Lee,2022-12-27T14:46:37.088562
Eilen Jewell,Down Hearted Blues & Green River,2022-12-27T14:46:37.089580
Vampire Weekend,Modern Vampires of the City,2022-12-27T14:46:37.090557
Galactic,Coolin' Off,2022-12-27T14:46:37.091562
Cascadia '10,Pharaohs of Elysium,2022-12-27T14:46:37.116488
Phosphorescent,Here's to Taking It Easy,2022-12-27T14:46:37.118485
Dan Auerbach,Keep It Hid,2022-12-27T14:46:37.121475
Eels,Souljacker,2022-12-27T14:46:37.123504
Lake Street Dive,Freak Yourself Out & Fun Machine,2022-12-27T14:46:37.124504
Willy Mason,Carry On,2022-12-27T14:46:37.125464
Lee Dorsey,The New Lee Dorsey,2022-12-27T14:46:37.127475
Gillian Welch,The Harrow & The Harvest,2022-12-27T14:46:37.128457
Neil Halstead,Palindrome Hunches,2022-12-27T14:46:37.129453
beGun,Yoko,2022-12-27T14:46:37.132445
Atmosphere,Bitter,2022-12-27T14:46:37.134440
Courtney Barnett,Don't Apply Compression Gently,2022-12-27T14:46:37.136434
Allah-Las,Had It All,2022-12-27T14:46:37.165356
US Elevator,Dangerous Love,2022-12-27T14:46:37.168350
Jeremy Messersmith,Franklin Avenue,2022-12-27T14:46:37.170345
Lord Echo,Digital Haircut,2022-12-27T14:46:37.171372
The Pooches,"Another Evening, Another Town",2022-12-27T14:46:37.174365
Naja Rosa,When The Smoke Clears,2022-12-27T14:46:37.177361
The 88,Save Your Breath,2022-12-27T14:46:37.180319
Black Whales,Rattle Your Bones,2022-12-27T14:46:37.183308
Souljazz Orchestra,Cartao Postal,2022-12-27T14:46:37.188296
David Russell,Bach's 'Air on,2022-12-27T14:46:37.189293
Valerie June,Workin’ Woman Blues,2022-12-27T14:46:37.194282
Cayucas,High School Lover,2022-12-27T14:46:37.197272
Sarah Jaffe,Clementine,2022-12-27T14:46:37.199268
Lydia Loveless,More Like Them,2022-12-27T14:46:37.231195
Johnnie Newman,Birds of Paradise,2022-12-27T14:46:37.235198
Rhett Miller,Ziggy Stardust,2022-12-27T14:46:37.239160
Anthony D'Amato,Back Back Back,2022-12-27T14:46:37.241154
Rose Elinor Dougall,Colour of Water,2022-12-27T14:46:37.243176
Under Byen,Palads,2022-12-27T14:46:37.247166
Purple,Beach Buddy,2022-12-27T14:46:37.249133
J. Roddy Walston & The Business,Take It As It Comes,2022-12-27T14:46:37.255117
Mavis Staples,Don't Cry,2022-12-27T14:46:37.258137
Berwanger,Baby Loses Her Mind,2022-12-27T14:46:37.313959
Super Hi-Fi,Q Street (Subatomic Sound System Remix),2022-12-27T14:46:37.344876
The Lower 48,The End,2022-12-27T14:46:37.347871
Moving Panoramas,One,2022-12-27T14:46:37.353866
The Pica Beats,Palms Will Smoke In Cold Air,2022-12-27T14:46:37.381778
The Acorn,Flood Pt. 1,2022-12-27T14:46:37.383774
Low,What Part of Me,2022-12-27T14:46:37.388760
Anthony D’Amato,Hank Williams Tune,2022-12-27T14:46:37.391753
Big Eyes,Stake My Claim,2022-12-27T14:46:37.393781
Malachai,Snowflake,2022-12-27T14:46:37.395776
Amor De Dias,Jeans Waving,2022-12-27T14:46:37.397770
Ryley Walker,The Roundabout,2022-12-27T14:46:37.398733
The Weed Garden,Anchors,2022-12-27T14:46:37.401757
Spanish Gold,Out on the Street,2022-12-27T14:46:37.403751
OSO,Head in the Clouds,2022-12-27T14:46:37.405744
Brandi Carlile,Wherever Is Your Heart,2022-12-27T14:46:37.412722
Quilt,Tie up the Tides,2022-12-27T14:46:37.414717
Sunwolf,Dreamers,2022-12-27T14:46:37.421690
"Lyrics Born, featuring Sam Sparro",Coulda Woulda Shoulda,2022-12-27T14:46:37.423702
Animal Kingdom,Walls of Jericho,2022-12-27T14:46:37.425698
Hunx and His Punx,Too Young to Be In Love,2022-12-27T14:46:37.427691
Petit Biscuit,Sunset Lover,2022-12-27T14:46:37.430675
The Bad Plus,You and I is a Comfort Zone,2022-12-27T14:46:37.432642
Dude York,Break Up Holiday,2022-12-27T14:46:37.433639
Chris Pierce,Keep On Keeping On,2022-12-27T14:46:37.435636
Hard Proof,Lake Tana,2022-12-27T14:46:37.438626
Frazey Ford,Firecracker,2022-12-27T14:46:37.440621
Floating Action,To Connect,2022-12-27T14:46:37.442643
Jason Myles Goss,Black Lights,2022-12-27T14:46:37.443612
"Or, the Whale",Call and Response,2022-12-27T14:46:37.446606
Sallie Ford and the Sound Outside,The Eagle Has Landed,2022-12-27T14:46:37.447603
MIA,Paper Planes,2022-12-27T14:46:37.448605
The Budos Band,Burnt Offering,2022-12-27T14:46:37.450595
Dutch,Just Before The Rain,2022-12-27T14:46:37.454607
The Transmissionary Six,Zero G,2022-12-27T14:46:37.456580
Yellow Ostrich,Shades,2022-12-27T14:46:37.461567
The Bear,On the Shoals,2022-12-27T14:46:37.462574
Bomba Estereo,Fuego (Maga Bo Remix),2022-12-27T14:46:37.464556
Deer Tick,Smith Hill,2022-12-27T14:46:37.465555
White Denim,Pretty Green,2022-12-27T14:46:37.468574
Sean Bones,Dancehall,2022-12-27T14:46:37.470569
Dana Falconberry,Crooked River,2022-12-27T14:46:37.473532
Gregory Alan Isakov,Big Black Car,2022-12-27T14:46:37.475563
Girl In A Coma,Smart,2022-12-27T14:46:37.477557
Polly Paulusma,Day One,2022-12-27T14:46:37.478552
Angus and Julia Stone,Just a Boy,2022-12-27T14:46:37.482536
Townes Van Zandt,Mr. Mudd and Mr. Gold,2022-12-27T14:46:37.483506
The Secret Sisters,He's Fine,2022-12-27T14:46:37.487501
Pacifika,Me Cai,2022-12-27T14:46:37.488493
Major Lazer,Watch Out For This (Bumaye),2022-12-27T14:46:37.513426
Dengue Fever,Mr. Orange,2022-12-27T14:46:37.515456
Eric Lindell,Lay Back Down,2022-12-27T14:46:37.517448
The Hermits,Ruby Red Summer,2022-12-27T14:46:37.521406
Maria Taylor,This Is It,2022-12-27T14:46:37.523401
Booker T Jones and Jolie Holland,What A Wonderful World,2022-12-27T14:46:37.525394
The Spines,Box of Wine,2022-12-27T14:46:37.529385
Worriers,They / Them / Theirs,2022-12-27T14:46:37.530382
Kolidescopes,Back to You,2022-12-27T14:46:37.533407
Surreal,The Impossible,2022-12-27T14:46:37.544343
Mark  McGuire,Wonderland of Living Things,2022-12-27T14:46:37.547335
Cheb I Sabbah,Qalanderi,2022-12-27T14:46:37.550359
M. Ward,Girl From Conejo Valley (Live In Studio 1A),2022-12-27T14:46:37.556312
Nikki Lane,Jackpot,2022-12-27T14:46:37.559304
Amy Stroup,FALLING,2022-12-27T14:46:37.561337
Andrew Combs,Foolin',2022-12-27T14:46:37.563328
Palehound,Molly,2022-12-27T14:46:37.568312
Alpine,"Lovers 1, along with Lovers 2",2022-12-27T14:46:37.570307
Rodrigo Y Gabriela,Hanuman,2022-12-27T14:46:37.572296
GIRL MOST LIKELY,England,2022-12-27T14:46:37.573279
Billy,Bethlehem,2022-12-27T14:46:37.575294
The Chapin Sisters,Angeleno,2022-12-27T14:46:37.577288
Matt Bauer (w/ Dana Falconberry),Waiting For Your Shadow,2022-12-27T14:46:37.579280
Austra,Painful Like,2022-12-27T14:46:37.580248
Kurt Vile,Pretty Pimpin,2022-12-27T14:46:37.583244
Josh Ritter,Joy to You Baby,2022-12-27T14:46:37.584236
The Black Watch,I Don't Feel The Same,2022-12-27T14:46:37.590223
Eliot Bronson,River Runs Dry,2022-12-27T14:46:37.593214
Tiger Darrow,So Long Hello,2022-12-27T14:46:37.594211
Löwin,Royal Jelly,2022-12-27T14:46:37.598200
White Denim,Holda You (I’m Psycho) (Live),2022-12-27T14:46:37.601191
Angela Predhomme,This Might Be Good,2022-12-27T14:46:37.605210
The Watson Twins,You Showed Me,2022-12-27T14:46:37.607208
Sam Sparro,In Your Heaven,2022-12-27T14:46:37.609170
Goat,Dreambuilding,2022-12-27T14:46:37.637130
Travis,Reminder,2022-12-27T14:46:37.639123
Jason Myles Goss,There's A Light Up Ahead ,2022-12-27T14:46:37.641117
Washed Out,Don't Give Up,2022-12-27T14:46:37.642082
Wormburner,Somewhere Else To Be,2022-12-27T14:46:37.673000
Jens Lekman,The Opposite of Hallelujah,2022-12-27T14:46:37.674994
Stabil Elite,Hydravion,2022-12-27T14:46:37.675991
Steven Bacon & Kendra Kinsey,No Place Like Oklahoma,2022-12-27T14:46:37.681010
Nicole Atkins,Vultures,2022-12-27T14:46:37.683004
Ana Tijoux,Sacar La Voz,2022-12-27T14:46:37.685990
Tricky,Murder Weapon,2022-12-27T14:46:37.688992
Dan Baker,365 Days,2022-12-27T14:46:37.690987
The Real Tuesday Weld,Me & Mr. Wolf,2022-12-27T14:46:37.693978
David Olney,Covington Girl,2022-12-27T14:46:37.694941
Brandi Carlile,Blue Eyes Cryin’ in the Rain,2022-12-27T14:46:37.696935
Me and My Arrow - ,Don't Let Me Down,2022-12-27T14:46:37.697933
Luna,GTX3,2022-12-27T14:46:37.699927
Mariah Ver Hoef,Summertime,2022-12-27T14:46:37.701923
Heavy Trash,Outside Chance,2022-12-27T14:46:37.702920
The 4onthefloor,All My Friends,2022-12-27T14:46:37.703917
Tacocat,I Hate the Weekend,2022-12-27T14:46:37.705939
Asgeir,Going Home,2022-12-27T14:46:37.706939
The Uncluded,Delicate Cycle,2022-12-27T14:46:37.707906
Deer Tick,These Old Shoes,2022-12-27T14:46:37.709900
Bahamas,All The Time,2022-12-27T14:46:37.711895
Keren Ann,Lay Your Head Down,2022-12-27T14:46:37.713922
Meredith Bragg,My Absent Will,2022-12-27T14:46:37.713922
South China,Painting,2022-12-27T14:46:37.715886
Dr. Dog,Station,2022-12-27T14:46:37.717880
Big Bill,Trick Everybody,2022-12-27T14:46:37.721870
World Party,Is It Like Today? (Live In Studio 1A),2022-12-27T14:46:37.725886
Anthony David,Sweet Pain,2022-12-27T14:46:37.727852
The Audible Dark,Curiosity,2022-12-27T14:46:37.730844
Josh Ritter,Change of Time,2022-12-27T14:46:37.732840
Umphrey's McGee,Nemo,2022-12-27T14:46:37.733837
New Sound Underground,"Once More, For Love",2022-12-27T14:46:37.734834
Wild Belle,Shine,2022-12-27T14:46:37.736829
Karen Elson,The Ghost Who Walks,2022-12-27T14:46:37.737826
Amadou and Mariam,Baro,2022-12-27T14:46:37.738827
Jamie Kent,"Broke, Not Broken",2022-12-27T14:46:37.739848
Telekinesis,Coast of Carolina,2022-12-27T14:46:37.741816
Alaska in Winter,"Close Your Eyes, We Are Blind",2022-12-27T14:46:37.742812
Scott H. Biram,Victory Song,2022-12-27T14:46:37.771735
Motopony,Seer,2022-12-27T14:46:37.772732
Mirah,24th St.,2022-12-27T14:46:37.774727
A Band Called Quinn,Snowbus,2022-12-27T14:46:37.776722
The O'Neill Brothers,Ave Maria,2022-12-27T14:46:37.777720
Sean McCann,Peace Among The Bones,2022-12-27T14:46:37.778717
Speck Mountain,Some Sweet Relief,2022-12-27T14:46:37.780739
Yarn,The Truth of my Sweet Anna Lee,2022-12-27T14:46:37.782734
Thao,Bag of Hammers,2022-12-27T14:46:37.783704
School of Seven Bells,The Night,2022-12-27T14:46:37.786713
BoDeans,All The World,2022-12-27T14:46:37.788728
Clem Snide,Denise,2022-12-27T14:46:37.790684
Redd Kross,Stay Away From Downtown,2022-12-27T14:46:37.817613
The Mountain Goats,The Legend of Chavo Guerrero,2022-12-27T14:46:37.821653
Joel Plaskett Emergency,Harbour Boys,2022-12-27T14:46:37.846535
Doug Paisley,Song My Love Can Sing,2022-12-27T14:46:37.848531
Ben Harper & the Innocent Criminals,Shine,2022-12-27T14:46:37.852522
Nomade Orquestra,Estrada para Camomila,2022-12-27T14:46:37.856509
Shabazz Palaces,Motion Sickness,2022-12-27T14:46:37.860499
The Earaches,Not the Kind of Man I Am,2022-12-27T14:46:37.863491
Magnolia Mountain,Gone,2022-12-27T14:46:37.866481
A Fine Frenzy,The Minnow & The,2022-12-27T14:46:37.868476
Deer Tick,Easy,2022-12-27T14:46:37.869474
Ume,Sunshower,2022-12-27T14:46:37.870471
Duke Garwood,Heavy Love,2022-12-27T14:46:37.904380
The Sanco Loop,Hot Year,2022-12-27T14:46:37.907372
Laura Veirs,Watch Fire (ft. Sufjan Stevens),2022-12-27T14:46:37.909367
Bonobo,Bambro Koyo Ganda (feat. Innov Gnawa),2022-12-27T14:46:37.911362
Real Tuesday Weld,Last Words,2022-12-27T14:46:37.913356
Ganglians,Cryin' Smoke,2022-12-27T14:46:37.914354
Ten Fe,Won't Happen,2022-12-27T14:46:37.914354
Lusine,Two Dots,2022-12-27T14:46:37.916349
Fink,Warm Shadow,2022-12-27T14:46:37.918343
Still Corners,Fireflies,2022-12-27T14:46:37.922333
Elaine Faye,X's & O's,2022-12-27T14:46:37.924327
Frightened Rabbit,Swim Until You Can't See Land,2022-12-27T14:46:37.926323
Tea,Ibiza,2022-12-27T14:46:37.927320
Benji Hughes,Freaky Feedback Blues,2022-12-27T14:46:37.931308
Fleet Foxes,White Winter Hymnal,2022-12-27T14:46:37.932317
Sonny & The Sunsets,Palmreader,2022-12-27T14:46:37.936295
Cody ChesnuTT,That's Still Mama,2022-12-27T14:46:37.937292
Chenoah Lee,Inferno,2022-12-27T14:46:37.939288
Silversun Pickups,Nightlight,2022-12-27T14:46:37.940285
The BoDeans,Fadeaway,2022-12-27T14:46:37.941282
Zoe Muth and The Lost High Rollers,You Only Believe Me When I'm Lying,2022-12-27T14:46:37.943277
Jesse Sykes and the Sweet Hereafter,Come to Mary,2022-12-27T14:46:37.944274
Raina Rose,Secret,2022-12-27T14:46:37.947265
Jamestown Revival,California (Cast Iron Soul),2022-12-27T14:46:37.949260
Hollow Coats,Fold,2022-12-27T14:46:37.951256
The Famous,Moving On,2022-12-27T14:46:37.955245
Arborea,A Little Time,2022-12-27T14:46:37.984166
Shana Cleveland & The Sandcastles,Holy Rollers,2022-12-27T14:46:37.989185
Grupo Fantasma,Cayuco,2022-12-27T14:46:37.992146
Alejandro Escovedo & Ian McLagan,I’m Not Like Everybody Else,2022-12-27T14:46:37.996137
Dan Auerbach,Heartbroken in Disrepair,2022-12-27T14:46:37.998130
Bora York,Close Your Eyes,2022-12-27T14:46:37.999128
Fared Shafinury,Rio Grande,2022-12-27T14:46:38.001121
Retro Stefson,Kimba,2022-12-27T14:46:38.034034
The Walkmen,Heaven,2022-12-27T14:46:38.060965
Ola Podrida,The Closest We Will Ever Be,2022-12-27T14:46:38.063989
Taylor Baker,Beckoning Moon,2022-12-27T14:46:38.066978
Bebel Gilberto,Ela (On My Way),2022-12-27T14:46:38.069965
The Jefferson,Tell Me Your Name,2022-12-27T14:46:38.070940
Ray LaMontagne,For the Summer,2022-12-27T14:46:38.072931
Cast Spells,Glamorous Glowing,2022-12-27T14:46:38.074925
Aloe Blacc,You Make Me Smile,2022-12-27T14:46:38.075921
The Fire Apes,It's Over,2022-12-27T14:46:38.079911
Final Spins,Let Me Fall,2022-12-27T14:46:38.081905
Beach Baby,Ladybird,2022-12-27T14:46:38.083900
Damien Jurado,Silver Donna,2022-12-27T14:46:38.085902
Eels,Where I'm From,2022-12-27T14:46:38.088889
Erin Ivey,Tricks,2022-12-27T14:46:38.090883
Delta Spirit,Bushwick Blues,2022-12-27T14:46:38.091907
Alan Andrews,Phony French,2022-12-27T14:46:38.092878
Desert Stars,With The Bears,2022-12-27T14:46:38.094902
Harouki Zombi,Objet Petit A,2022-12-27T14:46:38.095868
Jade Jackson,Good Time Gone,2022-12-27T14:46:38.097896
Hacienda,You’re My Girl,2022-12-27T14:46:38.099858
Shakey Graves,Dearly Departed,2022-12-27T14:46:38.102850
Forro In The Dark,Perro Loco,2022-12-27T14:46:38.103848
About Group,Don't Worry,2022-12-27T14:46:38.104845
Yellow Ostrich,Whale,2022-12-27T14:46:38.106838
Kopecky Family Band,Animal,2022-12-27T14:46:38.108834
Carl Broemel,Sleepy Lagoon,2022-12-27T14:46:38.111826
Júníus Meyvant,Hailslide,2022-12-27T14:46:38.138753
David Wax Museum,Harder Before It Gets Easier (Live),2022-12-27T14:46:38.143740
Sera Cahoone,Deer Creek Canyon,2022-12-27T14:46:38.145734
Steve Earle,Go Go Boots Are Back,2022-12-27T14:46:38.146732
American Scarecrows,Gods of the West,2022-12-27T14:46:38.148756
The Tallest Man on Earth,Like The Wheel,2022-12-27T14:46:38.151747
Mia Doi Todd,Sleepless Nights,2022-12-27T14:46:38.154724
The Cute Lepers,"It's Summertime, Baby",2022-12-27T14:46:38.156706
Science for Girls,14 Days,2022-12-27T14:46:38.157707
Taken By Trees,Dreams,2022-12-27T14:46:38.159757
Blitzen Trapper,Wild Mountain Nation,2022-12-27T14:46:38.161721
Benko,American Writer (Live In Studio 1A),2022-12-27T14:46:38.164684
Sharon Van Etten,Just Like Blood,2022-12-27T14:46:38.166678
Califone,Funeral Singers,2022-12-27T14:46:38.181640
Viva Voce,Analog Woodland Song,2022-12-27T14:46:38.214584
Pinback,Proceed To Memory,2022-12-27T14:46:38.216578
Mavis Staples,High Note,2022-12-27T14:46:38.217544
The Civil Wars,Barton Hollow,2022-12-27T14:46:38.224524
Milo Greene,1957,2022-12-27T14:46:38.226519
Nakia,Outta My Head,2022-12-27T14:46:38.228514
Elizabeth McQueen,You’re To Blame,2022-12-27T14:46:38.231506
Fleet Foxes,The Plains/Bitter Dancer,2022-12-27T14:46:38.232504
Bombino,Timtar (Memories),2022-12-27T14:46:38.235495
Ximena Sariñana,Different,2022-12-27T14:46:38.237517
John Mark Nelson,Boy,2022-12-27T14:46:38.238515
Eric Johnson,Wind Cries Mary,2022-12-27T14:46:38.239485
Damien Jurado,Arkansas,2022-12-27T14:46:38.250454
Sour Bridges,Fine Life,2022-12-27T14:46:38.256439
Tex Smith,Come On,2022-12-27T14:46:38.258434
Santana,Oye Como Va,2022-12-27T14:46:38.260458
The Pretenders,Holy Commotion,2022-12-27T14:46:38.263448
Communist Daughter,Not The Kid,2022-12-27T14:46:38.265456
Raglans,(Lady) Roll Back The Years,2022-12-27T14:46:38.269432
Noel Christian Riddell,Rainy Day,2022-12-27T14:46:38.271426
Phil Lomac,Stanger's Funeral,2022-12-27T14:46:38.274419
Atlas Maior,Iddaa!,2022-12-27T14:46:38.276385
Sylvan Esso,H.S.K.T. (Live on MBE),2022-12-27T14:46:38.278409
The Autumn Leaves,Lighthouse,2022-12-27T14:46:38.280402
Benjy Feree,Fear,2022-12-27T14:46:38.281372
Los Macuanos,Mar Negro,2022-12-27T14:46:38.283368
Khruangbin,People Everywhere (Still Alive),2022-12-27T14:46:38.286363
Art Feynman,Feeling Good About Feeling Good,2022-12-27T14:46:38.290360
Fighting the Villain,What's Left,2022-12-27T14:46:38.292343
The Duke Spirit,Don't Wait,2022-12-27T14:46:38.293341
Jason Myles Goss,When You're Lonesome - Demo,2022-12-27T14:46:38.295344
El Rego,E Nan Mian Nuku,2022-12-27T14:46:38.297360
Tristen,Clandestine,2022-12-27T14:46:38.299324
Neil Finn,Impressions,2022-12-27T14:46:38.301320
Le Butcherettes,strong/ENOUGH,2022-12-27T14:46:38.302317
Lucius,Next To Normal,2022-12-27T14:46:38.303323
Buffalo Nichols,How to Love,2022-12-27T14:46:38.304311
Pete Yorn,Elizabeth Taylor,2022-12-27T14:46:38.305316
Land of Talk,Weight of That Weekend,2022-12-27T14:46:38.306305
Bola Sete,Soul Samba,2022-12-27T14:46:38.307313
PJ Western,Human Machines,2022-12-27T14:46:38.308316
Camp Cope,Running with the Hurricane,2022-12-27T14:46:38.309330
Hello June,Mars,2022-12-27T14:46:38.309330
Horse Feathers,Without Applause,2022-12-27T14:46:38.310297
LUMP,May I Be The Light,2022-12-27T14:46:38.311330
Kevin Morby,This Is a Photograph,2022-12-27T14:46:38.312296
El Dragon Criollo,Cumbia Fantasia,2022-12-27T14:46:38.313287
Ruler of Program,Lose It,2022-12-27T14:46:38.314296
*repeat repeat,Everybody's Falling in Love,2022-12-27T14:46:38.315286
Otis McDonald,Keep it Sexy,2022-12-27T14:46:38.316279
Sadurn,snake,2022-12-27T14:46:38.317276
Juliana Hatfield,It's So Weird,2022-12-27T14:46:38.318277
Mitski,The Only Heartbreaker,2022-12-27T14:46:38.321284
La Dame Blanche,Mata Sede,2022-12-27T14:46:38.322284
Geese,Low Era,2022-12-27T14:46:38.323272
Neko Case,"Oh, Shadowless",2022-12-27T14:46:38.324258
Eyedentity,País Da Maravilha (Wonderland),2022-12-27T14:46:38.326283
Ian George,The Wild and The Untamed,2022-12-27T14:46:38.327279
Khana Bierbood,ลูกรัง /Dusty Lane,2022-12-27T14:46:38.328252
Jana Horn,Optimism,2022-12-27T14:46:38.329244
Keys N Krates,Original Classic,2022-12-27T14:46:38.330242
Woolfy,Shooting Stars,2022-12-27T14:46:38.331242
Bruce Hornsby,Days Ahead feat. Danielle Haim,2022-12-27T14:46:38.333234
Yonder Mountain String Band,Into The Fire,2022-12-27T14:46:38.334255
Ian Noe,Pine Grove (Madhouse),2022-12-27T14:46:38.335252
Katy Vernon,Undertow,2022-12-27T14:46:38.336249
Qlowski,Folk Song,2022-12-27T14:46:38.337224
Momma,Rockstar,2022-12-27T14:46:38.337224
Purple Funk Metropolis,Tres Leches,2022-12-27T14:46:38.338221
Betty Davis,Come Take Me,2022-12-27T14:46:38.339218
Biggabush,Black Swan Revival,2022-12-27T14:46:38.340215
Bambara,Birds,2022-12-27T14:46:38.341212
Quinton Brock,There For You,2022-12-27T14:46:38.342209
Ingrid Chavez,Snow-Blind,2022-12-27T14:46:38.342209
Oh Sees,C,2022-12-27T14:46:38.343208
Bombino,Timtar (Live),2022-12-27T14:46:38.344205
TV Girl x Jordana,Jump the Turnstile,2022-12-27T14:46:38.345203
The Midnight Hour,Jazz Is Dead (Georgia Anne Muldrow Geemix),2022-12-27T14:46:38.346199
Waahli,DERIVE,2022-12-27T14:46:38.346199
Zola Jesus,The Fall,2022-12-27T14:46:38.347224
Ben Zaidi,Jerusalem.,2022-12-27T14:46:38.348195
The Nunnery,Floating Garden,2022-12-27T14:46:38.349192
Angélica Garcia,Llorona,2022-12-27T14:46:38.350189
Goon Sax,Make Time 4 Love,2022-12-27T14:46:38.351186
Mondo Cozmo,Meant For Livin,2022-12-27T14:46:38.352183
Farmer Dave & The Wizards of the West,Ohana,2022-12-27T14:46:38.355182
Julia Jacklin,Lydia Wears A Cross,2022-12-27T14:46:38.356174
Metronomy,It's Good To Be Back,2022-12-27T14:46:38.357182
Just Mustard,Still,2022-12-27T14:46:38.358168
Parris,Skater's World,2022-12-27T14:46:38.359165
The Shackletons,Happy Boring Life,2022-12-27T14:46:38.360190
